<?xml version="1.0" encoding="UTF-8"?>
<GenRun Id="synth_1" LaunchPart="xc7z010clg400-1" LaunchTime="1624377298">
  <File Type="PA-TCL" Name="mips_unicycle_top.tcl"/>
  <File Type="REPORTS-TCL" Name="mips_unicycle_top_reports.tcl"/>
  <File Type="RDS-RDS" Name="mips_unicycle_top.vds"/>
  <File Type="RDS-UTIL" Name="mips_unicycle_top_utilization_synth.rpt"/>
  <File Type="RDS-UTIL-PB" Name="mips_unicycle_top_utilization_synth.pb"/>
  <File Type="RDS-DCP" Name="mips_unicycle_top.dcp"/>
  <FileSet Name="sources" Type="DesignSrcs" RelSrcDir="$PSRCDIR/sources_1" RelGenDir="$PGENDIR/sources_1">
    <Filter Type="Srcs"/>
    <File Path="$PSRCDIR/sources_1/imports/MIPS32_package.vhd">
      <FileInfo SFType="VHDL2008">
        <Attr Name="ImportPath" Val="D:/UdeS/Session4/APP4/Problematique/mips32_unicycle_reference/src/MIPS32_package.vhd"/>
        <Attr Name="ImportTime" Val="1622826071"/>
        <Attr Name="UsedIn" Val="synthesis"/>
        <Attr Name="UsedIn" Val="simulation"/>
      </FileInfo>
    </File>
    <File Path="$PSRCDIR/sources_1/imports/alu.vhd">
      <FileInfo SFType="VHDL2008">
        <Attr Name="ImportPath" Val="D:/UdeS/Session4/APP4/Problematique/mips32_unicycle_reference/src/alu.vhd"/>
        <Attr Name="ImportTime" Val="1615222914"/>
        <Attr Name="UsedIn" Val="synthesis"/>
        <Attr Name="UsedIn" Val="simulation"/>
      </FileInfo>
    </File>
    <File Path="$PSRCDIR/sources_1/imports/controleur.vhd">
      <FileInfo SFType="VHDL2008">
        <Attr Name="ImportPath" Val="D:/UdeS/Session4/APP4/Problematique/mips32_unicycle_reference/src/controleur.vhd"/>
        <Attr Name="ImportTime" Val="1615317149"/>
        <Attr Name="UsedIn" Val="synthesis"/>
        <Attr Name="UsedIn" Val="simulation"/>
      </FileInfo>
    </File>
    <File Path="$PSRCDIR/sources_1/imports/MemInstructions.vhd">
      <FileInfo SFType="VHDL2008">
        <Attr Name="ImportPath" Val="D:/UdeS/Session4/APP4/Problematique/mips32_unicycle_reference/src/MemInstructions.vhd"/>
        <Attr Name="ImportTime" Val="1623786888"/>
        <Attr Name="UsedIn" Val="synthesis"/>
        <Attr Name="UsedIn" Val="simulation"/>
      </FileInfo>
    </File>
    <File Path="$PSRCDIR/sources_1/imports/MemDonnees.vhd">
      <FileInfo SFType="VHDL2008">
        <Attr Name="ImportPath" Val="D:/UdeS/Session4/APP4/Problematique/mips32_unicycle_reference/src/MemDonnees.vhd"/>
        <Attr Name="ImportTime" Val="1623786888"/>
        <Attr Name="UsedIn" Val="synthesis"/>
        <Attr Name="UsedIn" Val="simulation"/>
      </FileInfo>
    </File>
    <File Path="$PSRCDIR/sources_1/imports/registres.vhd">
      <FileInfo SFType="VHDL2008">
        <Attr Name="ImportPath" Val="D:/UdeS/Session4/APP4/Problematique/mips32_unicycle_reference/src/registres.vhd"/>
        <Attr Name="ImportTime" Val="1622474148"/>
        <Attr Name="UsedIn" Val="synthesis"/>
        <Attr Name="UsedIn" Val="simulation"/>
      </FileInfo>
    </File>
    <File Path="$PSRCDIR/sources_1/imports/mips_datapath_unicycle.vhd">
      <FileInfo SFType="VHDL2008">
        <Attr Name="ImportPath" Val="D:/UdeS/Session4/APP4/Problematique/mips32_unicycle_reference/src/mips_datapath_unicycle.vhd"/>
        <Attr Name="ImportTime" Val="1615222914"/>
        <Attr Name="UsedIn" Val="synthesis"/>
        <Attr Name="UsedIn" Val="simulation"/>
      </FileInfo>
    </File>
    <File Path="$PSRCDIR/sources_1/imports/mips_unicycle_top.vhd">
      <FileInfo SFType="VHDL2008">
        <Attr Name="ImportPath" Val="D:/UdeS/Session4/APP4/Problematique/mips32_unicycle_reference/src/mips_unicycle_top.vhd"/>
        <Attr Name="ImportTime" Val="1615586313"/>
        <Attr Name="UsedIn" Val="synthesis"/>
        <Attr Name="UsedIn" Val="simulation"/>
      </FileInfo>
    </File>
    <File Path="$PSRCDIR/sources_1/imports/MemDonneesWideDual.vhd">
      <FileInfo>
        <Attr Name="ImportPath" Val="D:/UdeS/Session4/APP4/Problematique/mips32_unicycle_reference/mips32_unicycle_reference/mips32_unicycle_reference.srcs/sources_1/imports/MemDonneesWideDual.vhd"/>
        <Attr Name="ImportTime" Val="1624373123"/>
        <Attr Name="UsedIn" Val="synthesis"/>
        <Attr Name="UsedIn" Val="simulation"/>
      </FileInfo>
    </File>
    <Config>
      <Option Name="DesignMode" Val="RTL"/>
      <Option Name="TopModule" Val="mips_unicycle_top"/>
    </Config>
  </FileSet>
  <FileSet Name="constrs_in" Type="Constrs" RelSrcDir="$PSRCDIR/constrs_1">
    <Filter Type="Constrs"/>
    <File Path="$PSRCDIR/constrs_1/imports/DefinitionHorloge.xdc">
      <FileInfo>
        <Attr Name="ImportPath" Val="D:/UdeS/Session4/APP4/Problematique/mips32_unicycle_reference/contraintes/DefinitionHorloge.xdc"/>
        <Attr Name="ImportTime" Val="1615222914"/>
        <Attr Name="UsedIn" Val="synthesis"/>
        <Attr Name="UsedIn" Val="implementation"/>
      </FileInfo>
    </File>
    <Config>
      <Option Name="TargetConstrsFile" Val="$PSRCDIR/constrs_1/imports/DefinitionHorloge.xdc"/>
      <Option Name="ConstrsType" Val="XDC"/>
    </Config>
  </FileSet>
  <FileSet Name="utils" Type="Utils" RelSrcDir="$PSRCDIR/utils_1">
    <Filter Type="Utils"/>
    <Config>
      <Option Name="TopAutoSet" Val="TRUE"/>
    </Config>
  </FileSet>
  <Strategy Version="1" Minor="2">
    <StratHandle Name="Vivado Synthesis Defaults" Flow="Vivado Synthesis 2020"/>
    <Step Id="synth_design"/>
  </Strategy>
</GenRun>
